error_words,stemmed_words
2mar,2mar
\'early,ear
\'early,ear
afar,afar
ahar,ahar
ajar,ajar
amar,amar
baar,baar
bear,bear
bearly,bear
biar,bi
bmar,bmar
boar,boar
byar,byar
caar,caar
char,char
charly,char
clar,cl
czar,czar
dear,dear
dearly,dear
eearly,eear
emar,emar
enarly,enar
end,ens
ended,ens
endian,ens
ending,ens
endings,ens
endless,ens
endlessly,ens
endo,ens
ends,ens
endy,ens
ent,ent
enta,ent
ente,ent
entities,ent
entity,ent
ento,ent
ents,ent
et,et
eta,es
etes,es
ets,es
ette,es
evar,evar
faar,faar
fear,fear
foar,foar
gear,gear
gnarly,gnar
hear,hear
her,hes
hera,hes
here,hes
heres,hes
hero,hes
herr,hes
herra,hes
herre,hes
herring,hes
herro,hes
hers,hes
ibar,ibar
icar,icar
icarly,icar
klar,kl
lear,lear
liar,li
maar,maar
mear,mear
moar,moar
muar,muar
naar,naar
near,near
nearly,near
ntar,ntar
omar,omar
ovar,ovar
pear,pear
phar,phar
pyar,pyar
raar,raar
rear,rear
roar,roar
rwar,rwar
scar,scar
shar,shar
soar,soar
spar,spar
star,star
tear,tear
thar,thar
tsar,tsar
twar,twar
ul,ul
uli,l
ull,l
wear,wear
whar,whar
yaar,yaar
year,year
yearly,year
